Emitent;Nazwa giełdowa;Ticker;ISIN;Branża;
11 bit studios SA;11BIT;11B;PL11BTS00015;Video games;
4Fun Media SA;4FUNMEDIA;4FM;PL4FNMD00013;Media;
AB SA;ABPL;ABE;PLAB00000019;Wholesale trade;
AC SA;ACAUTOGAZ;ACG;PLACSA000014;Automotive;
Action SA w restrukturyzacji;ACTION;ACT;PLACTIN00018;Wholesale trade;
Adiuvo Investments SA;ADIUVO;ADV;PLADVIV00015;Healthcare;
Agora SA;AGORA;AGO;PLAGORA00067;Media;
Agroton Public Limited;AGROTON;AGT;CY0101062111;Food production;
Ailleron SA;AILLERON;ALL;PLWNDMB00010;IT;
Airway Medix SA;AIRWAY;AWM;PLAIRWY00017;Healthcare;
Alior Bank SA;ALIOR;ALR;PLALIOR00045;Banks;
All In! Games SA;AIGAMES;ALG;PLSNTFG00017;Other finance;
Alta SA;ALTA;AAT;PLTRNSU00013;Real estate;
Altus Towarzystwo Funduszy Inwestycyjnych SA;ALTUSTFI;ALI;PLATTFI00018;Capital market;
Alumetal SA;ALUMETAL;AML;PLALMTL00023;Metallurgy;
Ambra SA;AMBRA;AMB;PLAMBRA00013;Food production;
AMICA Wronki SA;AMICA;AMC;PLAMICA00010;Home furnishings;
Ampli SA w upadłości układowej;AMPLI;APL;PLAMPLI00019;Enterprise supplies;
AmRest Holdings SE;AMREST;EAT;ES0105375002;Recreation and relaxation;
Apator SA;APATOR;APT;PLAPATR00018;Electromechanical;
Aplisens SA;APLISENS;APN;PLAPLS000016;Electromechanical;
APS Energia SA;APSENERGY;APE;PLAPSEN00011;Electromechanical;
AR Packaging Poznań SA;BSCDRUK;BSC;PLBSCDO00017;Wood and paper;
Archicom SA;ARCHICOM;ARH;PLARHCM00016;Real estate;
Arctic Paper SA;ARCTIC;ATC;PLARTPR00012;Wood and paper;
Arteria SA;ARTERIA;ARR;PLARTER00016;Business services;
Artifex Mundi SA;ARTIFEX;ART;PLARTFX00011;Video games;
ASBISc Enterprises PLC;ASBIS;ASB;CY1000031710;Wholesale trade;
ASM Group SA;ASMGROUP;ASM;PLASMGR00014;Media;
Asseco Business Solutions SA;ASSECOBS;ABS;PLABS0000018;IT;
Asseco Poland SA;ASSECOPOL;ACP;PLSOFTB00016;IT;
Asseco South Eastern Europe SA;ASSECOSEE;ASE;PLASSEE00014;IT;
Astarta Holding NV;ASTARTA;AST;NL0000686509;Food production;
Atal SA;ATAL;1AT;PLATAL000046;Real estate;
Atende SA;ATENDE;ATD;PLATMSI00016;IT;
Atlanta Poland SA;ATLANTAPL;ATP;PLATLPL00018;Food production;
Atlantis SE;ATLANTIS;ATS;EE3100143090;Other finance;
Atlas Estates Limited;ATLASEST;ATL;GB00B0WDBP88;Real estate;
ATM Grupa SA;ATMGRUPA;ATG;PLATM0000021;Media;
ATM SA;ATM;ATM;PLATMSA00013;Telecommunication;
Atrem SA;ATREM;ATR;PLATREM00017;Construction;
AUGA Group AB;AUGA;AUG;LT0000127466;Food production;
Auto Partner SA;AUTOPARTN;APR;PLATPRT00018;Automotive;
Baltic Bridge SA;WINVEST;WIS;PLARIEL00046;Other finance;
Banco Santander SA;SANTANDER;SAN;ES0113900J37;Banks;
Bank Handlowy w Warszawie SA;HANDLOWY;BHW;PLBH00000012;Banks;
Bank Millennium SA;MILLENNIUM;MIL;PLBIG0000016;Banks;
Bank Ochrony Środowiska SA;BOS;BOS;PLBOS0000019;Banks;
Bank Polska Kasa Opieki SA;PEKAO;PEO;PLPEKAO00016;Banks;
BBI Development SA;BBIDEV;BBD;PLNFI1200018;Real estate;
Benefit Systems SA;BENEFIT;BFT;PLBNFTS00018;Recreation and relaxation;
Berling SA;BERLING;BRG;PLBRLNG00015;Enterprise supplies;
Best SA;BEST;BST;PLBEST000010;Other finance;
Betacom SA;BETACOM;BCM;PLBTCOM00016;IT;
Biomed-Lublin Wytwórnia Surowic i Szczepionek SA;BIOMEDLUB;BML;PLBMDLB00018;Healthcare;
Bioton SA;BIOTON;BIO;PLBIOTN00029;Healthcare;
Biuro Inwestycji Kapitałowych SA;BIK;BIK;PLBIKPT00014;Real estate;
BNP Paribas Bank Polska SA;BNPPPL;BNP;PLBGZ0000010;Banks;
BoomBit SA;BOOMBIT;BBT;PLBMBIT00010;Video games;
Boryszew SA;BORYSZEW;BRS;PLBRSZW00011;Metallurgy;
Bowim SA;BOWIM;BOW;PLBOWM000019;Enterprise supplies;
Braster SA;BRASTER;BRA;PLBRSTR00014;Healthcare;
British Automotive Holding SA;BAHOLDING;BAH;PLMRVPL00016;Automotive;
Budimex SA;BUDIMEX;BDX;PLBUDMX00013;Construction;
Bumech SA;BUMECH;BMC;PLBMECH00012;Electromechanical;
Capital Park SA;CPGROUP;CPG;PLCPPRK00037;Real estate;
Capital Partners SA;CAPITAL;CPA;PLCPTLP00015;Other finance;
CCC SA;CCC;CCC;PLCCC0000016;Clothing and cosmetics;
CD Projekt SA;CDPROJEKT;CDR;PLOPTTC00011;Video games;
CDRL SA;CDRL;CDL;PLCDRL000043;Clothing and cosmetics;
Celon Pharma SA;CLNPHARMA;CLN;PLCLNPH00015;Healthcare;
Centrum Medyczne Enel-Med SA;ENELMED;ENE;PLENLMD00017;Healthcare;
Centrum Nowoczesnych Technologii SA;CNT;CNT;PLERGPL00014;Construction;
Ceramika Nowa Gala SA;NOWAGALA;CNG;PLCRMNG00029;Construction;
CEZ a.s.;CEZ;CEZ;CZ0005112300;Power engineering;
CFI Holding SA;CFI;CFI;PLINTKS00013;Recreation and relaxation;
CI Games SA;CIGAMES;CIG;PLCTINT00018;Video games;
Ciech SA;CIECH;CIE;PLCIECH00018;Chemistry;
City Service SE;CITYSERV;CTS;EE3100126368;Business services;
Clean&Carbon Energy SA;CCENERGY;CCE;PLKAREN00014;Real estate;
Coal Energy SA;COALENERG;CLE;LU0646112838;Mining;
Cognor Holding SA;COGNOR;COG;PLCNTSL00014;Metallurgy;
Comarch SA;COMARCH;CMR;PLCOMAR00012;IT;
Comp SA;COMP;CMP;PLCMP0000017;IT;
Comperia.pl SA;COMPERIA;CPL;PLCOMPR00010;Media;
CPD SA;CELTIC;CPD;PLCELPD00013;Real estate;
CPI FIM SA;ORCOGROUP;OPG;LU0122624777;Real estate;
Cyfrowy Polsat SA;CYFRPLSAT;CPS;PLCFRPT00013;Telecommunication;
Czerwona Torebka SA;CZTOREBKA;CZT;PLCRWTR00022;Real estate;
DataWalk SA;DATAWALK;DAT;PLPILAB00012;IT;
Decora SA;DECORA;DCR;PLDECOR00013;Construction;
Dekpol SA;DEKPOL;DEK;PLDEKPL00032;Construction;
Delko SA;DELKO;DEL;PLDELKO00019;Wholesale trade;
Develia SA;DEVELIA;DVL;PLLCCRP00017;Real estate;
DGA SA;DGA;DGA;PLDGA0000019;Business services;
Digitree Group SA;DIGITREE;DTR;PLSARE000013;IT;
Dino Polska SA;DINOPL;DNP;PLDINPL00011;Commercial networks;
Dom Development SA;DOMDEV;DOM;PLDMDVL00012;Real estate;
Dom Maklerski IDM SA w upadłości układowej;IDMSA;IDM;PLIDMSA00044;Capital market;
Drewex SA;DREWEX;DRE;PLDREWX00012;Wood and paper;
Drop SA;DROP;DRP;PLDROP000011;Recykling;
Drozapol-Profil SA;DROZAPOL;DPL;PLDRZPL00032;Enterprise supplies;
Echo Investment SA;ECHO;ECH;PLECHPS00019;Real estate;
ED Invest SA;EDINVEST;EDI;PLEDINV00014;Real estate;
Eko Export SA;EKOEXPORT;EEX;PLEKEP000019;Recykling;
Elektrobudowa SA w upadłości;ELBUDOWA;ELB;PLELTBD00017;Construction;
Elektrociepłownia Będzin SA;BEDZIN;BDZ;PLECBDZ00013;Power engineering;
Elektrotim SA;ELEKTROTI;ELT;PLELEKT00016;Construction;
Elemental Holding SA;ELEMENTAL;EMT;PLELMTL00017;Recykling;
ELKOP SE;ELKOP;EKP;PLELKOP00013;Real estate;
EMC Instytut Medyczny SA;EMCINSMED;EMC;PLEMCIM00017;Healthcare;
Enea SA;ENEA;ENA;PLENEA000013;Power engineering;
ENEFI Vagyonkezelő Nyrt.;ESTAR;EST;HU0000089198;Power engineering;
Energa SA;ENERGA;ENG;PLENERG00022;Power engineering;
ENERGOAPARATURA SA;ENAP;ENP;PLENAP000010;Construction;
Energoinstal SA;ENERGOINS;ENI;PLERGIN00015;Construction;
Enter Air SA;ENTER;ENT;PLENTER00017;Transport;
Erbud SA;ERBUD;ERB;PLERBUD00012;Construction;
ERG SA;ERG;ERG;PLERGZB00014;Plastic and rubber;
Ergis SA;ERGIS;EGS;PLEUFLM00017;Plastic and rubber;
Esotiq & Henderson SA;ESOTIQ;EAH;PLESTHN00018;Clothing and cosmetics;
Eurocash SA;EUROCASH;EUR;PLEURCH00011;Commercial networks;
Eurohold Bulgaria AD;EUROHOLD;EHG;BG1100114062;Insurance;
Europejskie Centrum Odszkodowań SA;EUCO;EUC;PLERPCO00017;Insurance;
Eurotel SA;EUROTEL;ETL;PLERTEL00011;Commercial networks;
Everest Investments SA;EVEREST;EVE;PLWDMCP00013;Other finance;
Fabryka Farb i Lakierów Śnieżka SA;SNIEZKA;SKA;PLSNZKA00033;Construction;
Fabryka Obrabiarek RAFAMET SA;RAFAMET;RAF;PLRFMET00016;Electromechanical;
Fabryka Sprzętu i Narzędzi Górniczych Fasing SA;FASING;FSG;PLFSING00010;Electromechanical;
Fabryki Mebli FORTE SA;FORTE;FTE;PLFORTE00012;Home furnishings;
Famur SA;FAMUR;FMF;PLFAMUR00012;Electromechanical;
Fast Finance SA w restrukturyzacji;FASTFIN;FFI;PLFSTFC00012;Other finance;
Feerum SA;FEERUM;FEE;PLFEERM00018;Electromechanical;
Fenghua SoleTech AG;FENGHUA;FGT;DE000A13SX89;Enterprise supplies;
Ferro SA;FERRO;FRO;PLFERRO00016;Construction;
Ferrum SA;FERRUM;FER;PLFERUM00014;Metallurgy;
Firma Oponiarska Dębica SA;DEBICA;DBC;PLDEBCA00016;Automotive;
Fon SE;FON;FON;EE3100005166;FOther finance;
Games Operators SA;GAMEOPS;GOP;PLGMSOP00019;Video games;
GetBack SA w restrukturyzacji;GETBACK;GBK;PLGTBCK00297;Other finance;
Getin Holding SA;GETIN;GTN;PLGSPR000014;Banks;
Getin Noble Bank SA;GETINOBLE;GNB;PLGETBK00012;Banks;
Giełda Papierów Wartościowych w Warszawie SA;GPW;GPW;PLGPW0000017;Capital market;
Giełda Praw Majątkowych Vindexus SA;VINDEXUS;VIN;PLVNDEX00013;Other finance;
Global Cosmed SA;GLCOSMED;GLC;PLGLBLC00011;Clothing and cosmetics;
Globe Trade Centre SA;GTC;GTC;PLGTC0000037;Real estate;
Gobarto SA;GOBARTO;GOB;PLDUDA000016;Food production;
Groclin SA;GROCLIN;GCN;PLINTGR00013;Automotive;
Grodno SA;GRODNO;GRN;PLGRODN00015;Enterprise supplies;
Grupa Azoty SA;GRUPAAZOTY;ATT;PLZATRM00012;Chemistry;
Grupa Azoty Zakłady Azotowe Puławy SA;PULAWY;ZAP;PLZAPUL00057;Chemistry;
Grupa Azoty Zakłady Chemiczne Police SA;POLICE;PCE;PLZCPLC00036;Chemistry;
Grupa Kapitałowa Immobile SA;IMMOBILE;GKI;PLMAKRM00019;Other finance;
Grupa Kęty SA;KETY;KTY;PLKETY000011;Metallurgy;
Grupa Lotos SA;LOTOS;LTS;PLLOTOS00025;Fuels;
Grupa Żywiec SA;ZYWIEC;ZWC;PLZYWIC00016;Food production;
Harper Hygienics SA;HARPER;HRP;PLHRPHG00023;Clothing and cosmetics;
Helio SA;HELIO;HEL;PLHELIO00014;Food production;
Herkules SA;HERKULES;HRS;PLZRWZW00012;Construction;
HM Inwest SA;HMINWEST;HMI;PLHMINW00016;Real estate;
Hollywood SA;HOLLYWOOD;HLD;PLHOLWD00017;Other trade and services;
HubStyle SA;HUBSTYLE;HUB;PLGRNKT00019;Media;
i2 Development SA;I2DEV;I2D;PLI2DVL00014;Real estate;
Idea Bank SA;IDEABANK;IDA;PLIDEAB00013;Banks;
IFIRMA SA;IFIRMA;IFI;PLPWRMD00011;IT;
IMC SA;IMCOMPANY;IMC;LU0607203980;Food production;
Immofinanz AG;IIAAV;IIA;AT0000A21KS2;Real estate;
Impel SA;IMPEL;IPL;PLIMPEL00011;Business services;
Impera Capital SA;IMPERA;IMP;PLNFI0700018;Other finance;
IMS SA;IMS;IMS;PLINTMS00019;Media;
INC SA;INC;INC;PLINCLT00015;Other finance;
IndygoTech Minerals SA;INDYGO;IDG;PLLSTIA00018;Other finance;
ING Bank Śląski SA;INGBSK;ING;PLBSK0000017;Banks;
Inpro SA;INPRO;INP;PLINPRO00015;Real estate;
Instal Kraków SA;INSTALKRK;INK;PLINSTK00013;Construction;
Inter Cars SA;INTERCARS;CAR;PLINTCS00010;Automotive;
Inter Rao Lietuva AB;INTERAOLT;IRL;LT0000128621;Power engineering;
Interbud-Lublin SA w restrukturyzacji;INTERBUD;ITB;PLINTBD00014;Real estate;
Interferie SA;INTERFERI;INF;PLINTFR00023;Recreation and relaxation;
Interma Trade SA;ITMTRADE;ITM;PLBRIJU00010;Clothing and cosmetics;
International Personal Finance PLC;PROVIDENT;IPF;GB00B1YKG049;Other finance;
Intersport Polska SA;INTERSPPL;IPO;PLINTSP00038;Clothing and cosmetics;
Introl SA;INTROL;INL;PLINTRL00013;Electromechanical;
Investment Friends Capital SE;IFCAPITAL;IFC;EE3100143041;Other finance;
Investment Friends SE;IFSA;IFR;EE3100143033;Other finance;
Invista SA;INVISTA;INV;PLECMNG00019;Other finance;
Ipopema Securities SA;IPOPEMA;IPE;PLIPOPM00011;Capital market;
IZOBLOK SA;IZOBLOK;IZB;PLIZBLK00010;Plastic and rubber;
Izolacja Jarocin SA;IZOLACJA;IZO;PLIZCJR00017;Construction;
Izostal SA;IZOSTAL;IZS;PLIZSTL00015;Electromechanical;
J.W. Construction Holding SA;JWCONSTR;JWC;PLJWC0000019;Real estate;
Jastrzębska Spółka Węglowa SA;JSW;JSW;PLJSW0000015;Mining;
JHM Development SA;JHMDEV;JHM;PLJHMDL00018;Real estate;
JJ Auto AG;JJAUTO;JJO;DE000A1TNS70;Automotive;
JWW Invest SA;JWWINVEST;JWW;PLJWWNT00018;Electromechanical;
K2 Internet SA;K2INTERNT;K2I;PLK2ITR00010;Media;
KCI SA;KCI;KCI;PLPONAR00012;Media;
KDM Shipping Public Limited;KDMSHIPNG;KDM;CY0102492119;Transport;
Kernel Holding SA;KERNEL;KER;LU0327357389;Food production;
KGHM Polska Miedź SA;KGHM;KGH;PLKGHM000017;Mining;
Kino Polska TV SA;KINOPOL;KPL;PLKNOPL00014;Media;
Komputronik SA w restrukturyzacji;KOMPUTRON;KOM;PLKMPTR00012;Commercial networks;
Korporacja Budowlana Dom SA;KBDOM;KBD;PLTRAST00020;Construction;
Korporacja Gospodarcza Efekt SA;EFEKT;EFK;PLEFEKT00018;Business services;
Korporacja KGL SA;KGL;KGL;PLKRKGL00012;Enterprise supplies;
Koszalińskie Przedsiębiorstwo Przemysłu Drzewnego SA;KPPD;KPD;PLKPPD000017;Wood and paper;
Krakchemia SA;KRAKCHEM;KCH;PLKRKCH00019;Enterprise supplies;
Kredyt Inkaso SA;KREDYTIN;KRI;PLKRINK00014;Other finance;
Krezus SA;KREZUS;KZS;PLNFI0200019;Other finance;
Krka d.d.;KRKA;KRK;SI0031102120;Healthcare;
Kruk SA;KRUK;KRU;PLKRK0000010;Other finance;
Krynica Vitamin SA;KRVITAMIN;KVT;PLKRVTM00010;Food production;
Krynicki Recykling SA;KREC;KRC;PLKRNRC00012;Recykling;
KSG Agro SA;KSGAGRO;KSG;LU0611262873;Food production;
Labo Print SA;LABOPRINT;LAB;PLLBPRT00013;Business services;
Lark.pl SA;LARK;LRK;PLPPWK000014;IT;
Larq SA;LARQ;LRQ;PLCAMMD00032;Media;
Lena Lighting SA;LENA;LEN;PLLENAL00015;Electromechanical;
Lentex SA;LENTEX;LTX;PLLENTX00010;Construction;
Libet SA;LIBET;LBT;PLLBT0000013;Construction;
LiveChat Software SA;LIVECHAT;LVC;PLLVTSF00010;IT;
Lokum Deweloper SA;LOKUM;LKD;PLLKMDW00049;Real estate;
LPP SA;LPP;LPP;PLLPP0000011;Clothing and cosmetics;
LSI Software SA;LSISOFT;LSI;PLLSSFT00016;IT;
LUBAWA SA;LUBAWA;LBW;PLLUBAW00013;Clothing and cosmetics;
Lubelski Węgiel Bogdanka SA;BOGDANKA;LWB;PLLWBGD00016;Mining;
M.W. Trade SA;MWTRADE;MWT;PLMWTRD00013;Other finance;
Mabion SA;MABION;MAB;PLMBION00016;Healthcare;
Magna Polonia SA;06MAGNA;06N;PLNFI0600010;Other finance;
Makarony Polskie SA;MAKARONPL;MAK;PLMKRNP00015;Food production;
Mangata Holding SA;MANGATA;MGT;PLZTKMA00017;Electromechanical;
Marie Brizards Wine & Spirits;MBWS;MBW;FR0000060873;Food production;
Marvipol Development SA;MARVIPOL;MVP;PLMRVDV00011;Real estate;
Master Pharm SA;MASTERPHA;MPH;PLMSTPH00016;Healthcare;
Maxcom SA;MAXCOM;MXC;PLMXCMS00016;Home furnishings;
mBank SA;MBANK;MBK;PLBRE0000012;Banks;
MCI Capital SA;MCI;MCI;PLMCIMG00012;Other finance;
MDI Energia SA;MDIENERGIA;MDI;PLNFI1000012;Construction;
Mediacap SA;MEDIACAP;MCP;PLEMLAB00018;Media;
Mediatel SA;MEDIATEL;MTL;PLSMMDA00012;Telecommunication;
Medicalgorithmics SA;MEDICALG;MDG;PLMDCLG00015;Healthcare;
Megaron SA;MEGARON;MEG;PLMGRON00016;Construction;
Mennica Polska SA;MENNICA;MNC;PLMNNCP00011;Metallurgy;
Mercator Medical SA;MERCATOR;MRC;PLMRCTR00015;Healthcare;
Mercor SA;MERCOR;MCR;PLMRCOR00016;Construction;
Mex Polska SA;MEXPOLSKA;MEX;PLMEXPL00010;Recreation and relaxation;
MFO SA;MFO;MFO;PLMFO0000013;Construction;
Milkiland NV;MILKILAND;MLK;NL0009508712;Food production;
Miraculum SA;MIRACULUM;MIR;PLKLSTN00017;Clothing and cosmetics;
Mirbud SA;MIRBUD;MRB;PLMRBUD00015;Construction;
ML System SA;MLSYSTEM;MLS;PLMLSTM00015;Power engineering;
MLP Group SA;MLPGROUP;MLG;PLMLPGR00017;Real estate;
Mo-Bruk SA;MOBRUK;MBR;PLMOBRK00013;Recykling;
MOJ SA;MOJ;MOJ;PLMOJ0000015;Electromechanical;
MOL Magyar Olaj - és Gázipari Részvénytársaság;MOL;MOL;HU0000153937;Fuels;
Monnari Trade SA;MONNARI;MON;PLMNRTR00012;Clothing and cosmetics;
MOSTOSTAL Płock SA;MOSTALPLC;MSP;PLMSTPL00018;Construction;
Mostostal Warszawa SA;MOSTALWAR;MSW;PLMSTWS00019;Construction;
Mostostal Zabrze SA;MOSTALZAB;MSZ;PLMSTZB00018;Construction;
MUZA SA;MUZA;MZA;PLMUZA000019;Media;
MZN Property SA;MORIZON;MZN;PLMORZN00016;Media;
NanoGroup SA;NANOGROUP;NNG;PLNNGRP00011;Biotechnology;
Netia SA;NETIA;NET;PLNETIA00014;Telecommunication;
Neuca SA;NEUCA;NEU;PLTRFRM00018;Healthcare;
Newag SA;NEWAG;NWG;PLNEWAG00012;Electromechanical;
Noble Financials SA;IBSM;IBS;PLPLPGR00010;Real estate;
North Coast SA;NORTCOAST;NCT;PLNRTHC00014;Wholesale trade;
Novaturas AB;NOVATURAS;NTU;LT0000131872;Recreation and relaxation;
NOVITA SA;NOVITA;NVT;PLNVITA00018;Enterprise supplies;
NTT System SA;NTTSYSTEM;NTT;PLNTSYS00013;IT;
Octava SA;08OCTAVA;08N;PLNFI0800016;Real estate;
Odlewnie Polskie SA;ODLEWNIE;ODL;PLODLPL00013;Metallurgy;
OEX SA;OEX;OEX;PLTELL000023;Other trade and services;
OncoArendi Therapeutics SA;OAT;OAT;PLONCTH00011;Biotechnology;
ONE SA;FMG;FMG;PLTHP0000011;Other finance;
Open Finance SA;OPENFIN;OPF;PLOPNFN00010;Other finance;
Oponeo.pl SA;OPONEO.PL;OPN;PLOPNPL00013;E-commerce;
OPTeam SA;OPTEAM;OPM;PLOPTEM00012;IT;
Orange Polska SA;ORANGEPL;OPL;PLTLKPL00017;Telecommunication;
Orzeł Biały SA;ORZBIALY;OBL;PLORZBL00013;Recykling;
OT Logistics SA;OTLOG;OTS;PLODRTS00017;Transport;
Ovostar Union N.V.;OVOSTAR;OVO;NL0009805613;Food production;
P.A. Nova SA;PANOVA;NVA;PLPANVA00013;Construction;
Pamapol SA;PAMAPOL;PMP;PLPMPOL00031;Food production;
PartnerBud SA;AWBUD;AWB;PLINSTL00011;Construction;
Patentus SA;PATENTUS;PAT;PLPTNTS00019;Electromechanical;
PBG SA;PBG;PBG;PLPBG0000029;Construction;
PBS Finanse SA;PBSFINANSE;PBF;PLBEFSN00010;Other finance;
PC Guard SA;PCGUARD;PCG;PLGUARD00019;IT;
PCC Exol SA;PCCEXOL;PCX;PLPCCEX00010;Chemistry;
PCC Rokita SA;PCCROKITA;PCR;PLPCCRK00076;Chemistry;
Peixin International Group NV;PEIXIN;PEX;NL0010577052;Electromechanical;
PGE Polska Grupa Energetyczna SA;PGE;PGE;PLPGER000010;Power engineering;
PGO SA;PGO;PGO;PLPGO0000014;Metallurgy;
PGS Software SA;PGSSOFT;PSW;PLSFTWR00015;IT;
Pharmena SA;PHARMENA;PHR;PLPHRMN00011;Healthcare;
PKP Cargo SA;PKPCARGO;PKP;PLPKPCR00011;Transport;
Platynowe Inwestycje SE;PLATYNINW;PIW;PLADDRG00015;Real estate;
Play Communications SA;PLAY;PLY;LU1642887738;Telecommunication;
PlayWay SA;PLAYWAY;PLW;PLPLAYW00015;Video games;
Plaza Centers NV;PLAZACNTR;PLZ;NL0011882741;Real estate;
PMPG Polskie Media SA;PMPG;PGM;PLPEKPL00010;Media;
Polenergia SA;PEP;PEP;PLPLSEP00013;Power engineering;
Polimex Mostostal SA;POLIMEXMS;PXM;PLMSTSD00019;Construction;
Polnord SA;POLNORD;PND;PLPOLND00019;Real estate;
Polski Bank Komórek Macierzystych SA;PBKM;BKM;PLPBKM000012;Biotechnology;
Polski Holding Nieruchomości SA;PHN;PHN;PLPHN0000014;Real estate;
Polski Koncern Naftowy Orlen SA;PKNORLEN;PKN;PLPKN0000018;Fuels;
Polskie Górnictwo Naftowe i Gazownictwo SA;PGNIG;PGN;PLPGNIG00014;Fuels;
Polwax SA;POLWAX;PWX;PLPOLWX00026;Chemistry;
Powszechna Kasa Oszczędności Bank Polski SA;PKOBP;PKO;PLPKO0000016;Banks;
Powszechny Zakład Ubezpieczeń SA;PZU;PZU;PLPZU0000011;Insurance;
Pozbud T&R SA;POZBUD;POZ;PLPZBDT00013;Construction;
Poznańska Korporacja Budowlana Pekabex SA;PEKABEX;PBX;PLPKBEX00072;Construction;
Pragma Inkaso SA;PRAGMAINK;PRI;PLPRGNK00017;Other finance;
PragmaGO SA;PRAGMAFA;PRF;PLGFPRE00040;Other finance;
Prairie Mining Ltd.;PRAIRIE;PDZ;AU000000PDZ2;Mining;
Prima Moda SA;PRIMAMODA;PMA;PLPRMMD00012;Clothing and cosmetics;
Primetech SA;PRIMETECH;PTH;PLKOPEX00018;Electromechanical;
Private Equity Managers SA;PEMANAGER;PEM;PLPREQM00011;Other finance;
Procad SA;PROCAD;PRD;PLPRCAD00018;IT;
Prochem SA;PROCHEM;PRM;PLPRCHM00014;Construction;
Projprzem Makrum SA;PROJPRZEM;PJP;PLPROJP00018;Construction;
Protektor SA;PROTEKTOR;PRT;PLLZPSK00019;Clothing and cosmetics;
Przedsiębiorstwo Handlu Zagranicznego Baltona SA;BALTONA;BAL;PLBALTN00014;Commercial networks;
Przedsiębiorstwo Hydrauliki Siłowej Hydrotor SA;HYDROTOR;HDR;PLHDRTR00013;Electromechanical;
Przedsiębiorstwo Produkcyjno Handlowe Wadex SA;WADEX;WAX;PLWADEX00018;Construction;
Przedsiębiorstwo Produkcyjno-Handlowe Kompap SA;KOMPAP;KMP;PLKOMPP00017;Wood and paper;
Przedsiębiorstwo Przemysłu Spożywczego PEPEES SA;PEPEES;PPS;PLPEPES00018;Food production;
Przetwórstwo Tworzyw Sztucznych Plast-Box SA;PLASTBOX;PLX;PLPSTBX00016;Plastic and rubber;
PunkPirates SA;PUNKPIRAT;PUN;PLIQPRT00017;Other finance;
PZ Cormay SA;CORMAY;CRM;PLCMRAY00029;Healthcare;
Quantum Software SA;QUANTUM;QNT;PLQNTUM00018;IT;
Quercus Towarzystwo Funduszy Inwestycyjnych SA;QUERCUS;QRS;PLQRCUS00012;Capital market;
R22 SA;R22;R22;PLR220000018;New technologies;
Radpol SA;RADPOL;RDL;PLRDPOL00010;Plastic and rubber;
Rafako SA;RAFAKO;RFK;PLRAFAK00018;Construction;
Rainbow Tours SA;RAINBOW;RBW;PLRNBWT00031;Recreation and relaxation;
Rank Progress SA;RANKPROGR;RNK;PLRNKPR00014;Real estate;
Rawlplug SA;RAWLPLUG;RWL;PLKLNR000017;Electromechanical;
Redan SA;REDAN;RDN;PLREDAN00019;Clothing and cosmetics;
Regnon SA;REGNON;REG;PLPRNTC00017;IT;
Reinhold Europe AB;REINHOLD;RHD;SE0001856519;Real estate;
Reino Capital SA;REINO;RNC;PLWDM0000029;Other finance;
Relpol SA;RELPOL;RLP;PLRELPL00014;Electromechanical;
Remak-Energomontaż SA;REMAK;RMK;PLREMAK00016;Construction;
Resbud SE;RESBUD;RES;EE3100142985;Construction;
Ronson Development SE;RONSON;RON;NL0006106007;Real estate;
Rubicon Partners SA;RUBICON;RBC;PLNFI0500012;Other finance;
Ryvu Therapeutics SA;RYVU;RVU;PLSELVT00013;Biotechnology;
Sadovaya Group SA;SADOVAYA;SGR;LU0564351582;Mining;
Sanok Rubber Company SA;SANOK;SNK;PLSTLSK00016;Automotive;
Santander Bank Polska SA;SANPL;SPL;PLBZ00000044;Banks;
Sanwil Holding SA;SANWIL;SNW;PLSANWL00012;Clothing and cosmetics;
Satis Group SA w restrukturyzacji;IALBGR;IAG;PLADVPL00029;Business services;
SCO-PAK SA;SCOPAK;SCO;PLSCOPK00012;Wood and paper;
Seco/Warwick SA;SECOGROUP;SWG;PLWRWCK00013;Electromechanical;
Seko SA;SEKO;SEK;PLSEKO000014;Food production;
Selena FM SA;SELENAFM;SEL;PLSELNA00010;Construction;
Selvita SA;SELVITA;SLV;PLSLVCR00029;Biotechnology;
Serinus Energy Inc.;SERINUS;SEN;JE00BF4N9R98;Fuels;
Sescom SA;SESCOM;SES;PLSESCM00013;Business services;
Sfinks Polska SA;SFINKS;SFS;PLSFNKS00011;Recreation and relaxation;
Silvair Inc.;SILVAIR-REGS;SVRS;USU827061099;IT;
Silvano Fashion Group AS;SILVANO;SFG;EE3100001751;Clothing and cosmetics;
SIMPLE SA;SIMPLE;SME;PLSIMPL00011;IT;
Skarbiec Holding SA;SKARBIEC;SKH;PLSKRBH00014;Capital market;
SKOTAN SA;SKOTAN;SKT;PLSKTAN00010;Fuels;
Skyline Investment SA;SKYLINE;SKL;PLSKLNW00011;Other finance;
Sleepz AG;SLEEPZAG;SLZ;DE000A2E3772;E-commerce;
Soho Development SA;SOHODEV;SHD;PLNFI0400015;Real estate;
SOLAR Company SA;SOLAR;SOL;PLSLRCP00021;Clothing and cosmetics;
Sonel SA;SONEL;SON;PLSONEL00011;Electromechanical;
Sopharma AD;SOPHARMA;SPH;BG11SOSOBT18;Healthcare;
Stalexport Autostrady SA;STALEXP;STX;PLSTLEX00019;Transport;
Stalprodukt SA;STALPROD;STP;PLSTLPD00017;Metallurgy;
STALPROFIL SA;STALPROFI;STF;PLSTLPF00012;Enterprise supplies;
Starhedge SA;STARHEDGE;SHG;PLHRDEX00021;Other finance;
Stelmet SA;STELMET;STL;PLSTLMT00010;Home furnishings;
Sunex SA;SUNEX;SNX;PLSUNEX00013;Electromechanical;
Suwary SA;SUWARY;SUW;PLSUWAR00014;Plastic and rubber;
Swissmed Centrum Zdrowia SA;SWISSMED;SWD;PLSWMED00013;Healthcare;
Sygnity SA;SYGNITY;SGN;PLCMPLD00016;IT;
Synektik SA;SYNEKTIK;SNT;PLSNKTK00019;Biotechnology;
Talanx AG;TALANX;TNX;DE000TLX1005;Insurance;
Talex SA;TALEX;TLX;PLTALEX00017;IT;
Tarczyński SA;TARCZYNSKI;TAR;PLTRCZN00016;Food production;
Tatry Mountain Resorts AS;TATRY;TMR;SK1120010287;Recreation and relaxation;
Tauron Polska Energia SA;TAURONPE;TPE;PLTAURN00011;Power engineering;
T-Bull SA;TBULL;TBL;PLTBULL00024;Video games;
Ten Square Games SA;TSGAMES;TEN;PLTSQGM00016;Video games;
Termo-Rex SA;TERMOREX;TRR;PLTRMRX00011;Fuels;
Tesgas SA;TESGAS;TSG;PLTSGS000019;Construction;
TIM SA;TIM;TIM;PLTIM0000016;Enterprise supplies;
Torpol SA;TORPOL;TOR;PLTORPL00016;Construction;
Tower Investments SA;TOWERINVT;TOW;PLTWRNV00013;Real estate;
Toya SA;TOYA;TOA;PLTOYA000011;Wholesale trade;
Trakcja PRKiI SA;TRAKCJA;TRK;PLTRKPL00014;Construction;
Trans Polonia SA;TRANSPOL;TRN;PLTRNSP00013;Transport;
Triton Development SA;TRITON;TRI;PLASMOT00030;Real estate;
TXM SA w restrukturyzacji;TXM;TXM;PLTXM0000015;Clothing and cosmetics;
ULMA Construccion Polska SA;ULMA;ULM;PLBAUMA00017;Construction;
Ultimate Games SA;ULTGAMES;ULG;PLULTGM00013;Video games;
Unibep SA;UNIBEP;UNI;PLUNBEP00015;Construction;
UniCredit S.p.A.;UNICREDIT;UCG;IT0005239360;Banks;
Unima 2000 Systemy Teleinformatyczne SA;UNIMA;U2K;PLUNMST00014;IT;
Unimot SA;UNIMOT;UNT;PLUNMOT00013;Fuels;
Ursus SA w restrukturyzacji;URSUS;URS;PLPMWRM00012;Electromechanical;
Venture Inc SA;VENTUREIN;VTI;PLVNTIN00011;Other finance;
Vigo System SA;VIGOSYS;VGO;PLVIGOS00015;Electromechanical;
Vistal Gdynia SA w restrukturyzacji;VISTAL;VTL;PLVTLGD00010;Construction;
Vivid Games SA;VIVID;VVD;PLVVDGM00014;Video games;
Votum SA;VOTUM;VOT;PLVOTUM00016;Insurance;
Voxel SA;VOXEL;VOX;PLVOXEL00014;Healthcare;
VRG SA;VRG;VRG;PLVSTLA00011;Clothing and cosmetics;
Warimpex Finanz & und Beteiligungs AG;WARIMPEX;WXF;AT0000827209;Real estate;
Wasko SA;WASKO;WAS;PLHOGA000041;IT;
WAWEL SA;WAWEL;WWL;PLWAWEL00013;Food production;
Wielton SA;WIELTON;WLT;PLWELTN00012;Electromechanical;
Wikana SA;WIKANA;WIK;PLELPO000016;Real estate;
Wirtualna Polska Holding SA;WIRTUALNA;WPL;PLWRTPL00027;Media;
Wittchen SA;WITTCHEN;WTN;PLWTCHN00030;Clothing and cosmetics;
Wojas SA;WOJAS;WOJ;PLWOJAS00014;Clothing and cosmetics;
Work Service SA;WORKSERV;WSE;PLWRKSR00019;Business services;
XTPL SA;XTPL;XTP;PLXTPL000018;New technologies;
X-Trade Brokers Dom Maklerski SA;XTB;XTB;PLXTRDM00011;Capital market;
Yolo SA;YOLO;YOL;PLPRESC00018;Other finance;
Zakład Budowy Maszyn Zremb-Chojnice SA;ZREMB;ZRE;PLZBMZC00019;Electromechanical;
Zakłady Magnezytowe Ropczyce SA;ROPCZYCE;RPC;PLROPCE00017;Construction;
Zakłady Mięsne Henryk Kania SA w upadłości;KANIA;KAN;PLIZNS000022;Food production;
Zakłady Przemysłu Cukierniczego Otmuchów SA;OTMUCHOW;OTM;PLZPCOT00018;Food production;
Zakłady Tłuszczowe Kruszwica SA;KRUSZWICA;KSW;PLKRUSZ00016;Food production;
Zakłady Urządzeń Komputerowych Elzab SA;ELZAB;ELZ;PLELZAB00010;IT;
Zakłady Urządzeń Kotłowych Stąporków SA;STAPORKOW;ZUK;PLSTPRK00019;Electromechanical;
Zamet SA;ZAMET;ZMT;PLZAMET00010;Electromechanical;
ZASTAL SA;ZASTAL;ZST;PLZSTAL00012;Transport;
Zespół Elektrociepłowni Wrocławskich Kogeneracja SA;KOGENERA;KGN;PLKGNRC00015;Power engineering;
Zespół Elektrowni Pątnów-Adamów-Konin SA;ZEPAK;ZEP;PLZEPAK00012;Power engineering;
ZPUE SA;ZPUE;PUE;PLZPUE000012;Electromechanical;
ZUE SA;ZUE;ZUE;PLZUE0000015;Construction;